ID,Sex,Fw_geno,Treatment,Chr1_SV,Chr4_SV,Chr5_SV,Chr6_SV,Chr7_SV,Chr10_SV,Chr12_SV,Chr13_SV
SRR4292182,M,NW,song,1,0,1,0,0,1,0,1
SRR4292183,M,NW,song,1,1,0,0,0,2,1,0
SRR4292184,M,NW,song,1,2,0,1,1,2,2,2
SRR4292185,M,NW,song,1,0,0,0,0,0,0,2
SRR4292186,M,FW,song,0,0,0,0,1,1,2,2
SRR4292187,M,FW,song,0,0,0,1,0,0,2,2
SRR4292188,M,FW,song,1,0,0,0,1,0,1,1
SRR4292189,M,FW,song,0,0,2,1,0,1,2,2
SRR4292190,M,FW,song,1,0,0,1,0,0,2,2
SRR4292191,M,FW,song,0,1,0,0,1,0,2,1
SRR4292192,M,FW,no_song,1,1,1,2,0,1,2,2
SRR4292193,M,FW,no_song,0,0,0,1,0,0,2,2
SRR4292194,M,NW,song,1,0,0,2,0,2,1,2
SRR4292195,M,FW,no_song,0,1,0,0,1,1,2,1
SRR4292196,M,FW,no_song,1,0,1,1,0,0,2,2
SRR4292197,M,FW,no_song,0,1,1,0,0,0,2,1
SRR4292198,M,FW,no_song,0,0,0,0,1,0,2,0
SRR4292199,F,NW,song,1,1,0,0,0,2,1,2
SRR4292200,F,NW,song,1,0,1,1,0,2,2,2
SRR4292201,F,NW,song,1,0,1,0,0,1,1,1
SRR4292202,F,NW,song,1,0,2,0,0,2,0,2
SRR4292203,F,NW,song,1,1,0,1,1,2,2,2
SRR4292204,F,NW,song,1,1,0,0,0,1,1,2
SRR4292205,M,NW,no_song,1,1,1,0,0,2,1,2
SRR4292207,F,NW,no_song,1,0,1,0,0,2,0,1
SRR4292208,F,NW,no_song,1,0,0,0,1,2,1,2
SRR4292209,F,NW,no_song,1,1,1,0,0,1,0,1
SRR4292210,F,NW,no_song,1,1,1,0,1,2,2,1
SRR4292211,F,NW,no_song,1,0,2,2,1,2,0,2
SRR4292212,F,NW,no_song,1,1,0,0,0,0,2,1
SRR4292213,F,FW,song,0,1,0,1,0,1,2,2
SRR4292214,F,FW,song,0,0,1,0,0,0,2,2
SRR4292215,F,FW,song,0,0,0,0,1,0,1,1
SRR4292216,F,FW,song,0,1,2,1,0,1,2,2
SRR4292217,M,NW,no_song,1,0,1,1,0,2,1,1
SRR4292218,F,FW,song,0,0,1,1,0,1,2,1
SRR4292219,F,FW,song,0,1,0,0,1,0,1,2
SRR4292220,F,FW,no_song,0,1,1,0,0,1,2,2
SRR4292221,F,FW,no_song,0,0,0,0,0,1,2,2
SRR4292222,F,FW,no_song,1,0,0,0,0,0,2,2
SRR4292223,F,FW,no_song,0,1,2,1,1,0,2,2
SRR4292224,F,FW,no_song,0,0,0,0,0,0,2,2
SRR4292225,F,FW,no_song,1,0,0,0,1,1,1,1
SRR4292226,M,NW,no_song,1,0,1,0,0,2,0,0
SRR4292227,M,NW,no_song,1,1,1,0,1,2,1,1
SRR4292228,M,NW,no_song,1,1,0,0,1,2,1,2
SRR4292229,M,NW,no_song,1,1,1,0,0,2,0,1
SRR4292230,M,NW,song,1,0,0,0,1,2,1,1